brand_name,vendor,query,serp_source,captured,validation,pos,url,title,domain,host,kinds,emd,brand_hit
Medicinal Garden Kit,bookofren,Medicinal Garden Kit review,"BING_INDEX_PROXY (Yahoo/DDG, Bing-sourced)",2026-08-24,VALIDATED,1,https://foodnourish.net/medicinal-garden-kit-review/,Medicinal Garden Kit Review: Should You Buy It?,foodnourish.net,foodnourish.net,SMALL_SITE,,1.0
Medicinal Garden Kit,bookofren,Medicinal Garden Kit review,"BING_INDEX_PROXY (Yahoo/DDG, Bing-sourced)",2026-08-24,VALIDATED,2,https://therealrealreviews.com/medicinal-garden-kit-by-nicole-apelian-is-it-worth-it-review/,Medicinal Garden Kit by Nicole Apelian: Is It Worth It? Review,therealrealreviews.com,therealrealreviews.com,SMALL_SITE,,1.0
Medicinal Garden Kit,bookofren,Medicinal Garden Kit review,"BING_INDEX_PROXY (Yahoo/DDG, Bing-sourced)",2026-08-24,VALIDATED,3,https://thewisdomshed.com/medicinal-garden-kit-review/,Videos,thewisdomshed.com,thewisdomshed.com,SMALL_SITE,,0.0
Medicinal Garden Kit,bookofren,Medicinal Garden Kit review,"BING_INDEX_PROXY (Yahoo/DDG, Bing-sourced)",2026-08-24,VALIDATED,4,https://healthreviewnetwork.com/hobbies/medicinal-garden-kit-review/,Medicinal Garden Kit Review 2026: Is It Worth It? My Honest ...,healthreviewnetwork.com,healthreviewnetwork.com,SMALL_SITE,,1.0
Medicinal Garden Kit,bookofren,Medicinal Garden Kit review,"BING_INDEX_PROXY (Yahoo/DDG, Bing-sourced)",2026-08-24,VALIDATED,5,https://thecountyreview.com/medicinal-garden-kit-review/,Medicinal Garden Kit Review: What You Need to Know Before You ...,thecountyreview.com,thecountyreview.com,SMALL_SITE,,1.0
Medicinal Garden Kit,bookofren,Medicinal Garden Kit review,"BING_INDEX_PROXY (Yahoo/DDG, Bing-sourced)",2026-08-24,VALIDATED,6,https://shelfinsider.com/medicinal-garden-kit-review/,Medicinal Garden Kit Review [2026]: How Growing Simple Plants ...,shelfinsider.com,shelfinsider.com,SMALL_SITE,,1.0
Medicinal Garden Kit,bookofren,Medicinal Garden Kit review,"BING_INDEX_PROXY (Yahoo/DDG, Bing-sourced)",2026-08-24,VALIDATED,7,https://rootolife.com/medicinal-garden-kit-scientific-review/,Medicinal Garden Kit Review 2026: My Honest Analysis After ...,rootolife.com,rootolife.com,SMALL_SITE,,1.0
Pineal Guardian,Nutraville,Pineal Guardian review,"BING_INDEX_PROXY (Yahoo/DDG, Bing-sourced)",2026-08-24,VALIDATED,1,https://bestsupplements.best/reviews/pineal-guardian-x/,Pineal Guardian X Review 2026: Honest Verdict,bestsupplements.best,bestsupplements.best,SMALL_SITE,,1.0
Pineal Guardian,Nutraville,Pineal Guardian review,"BING_INDEX_PROXY (Yahoo/DDG, Bing-sourced)",2026-08-24,VALIDATED,2,https://www.healthinsiders.com/pineal-guardian-review,Videos,healthinsiders.com,www.healthinsiders.com,SMALL_SITE,,0.0
Pineal Guardian,Nutraville,Pineal Guardian review,"BING_INDEX_PROXY (Yahoo/DDG, Bing-sourced)",2026-08-24,VALIDATED,3,https://www.thesupplementpost.com/reviews/pineal-guardian-x,"Pineal Guardian Reviews | Results, Ingredients, Side-Effects",thesupplementpost.com,www.thesupplementpost.com,SMALL_SITE,,1.0
Pineal Guardian,Nutraville,Pineal Guardian review,"BING_INDEX_PROXY (Yahoo/DDG, Bing-sourced)",2026-08-24,VALIDATED,4,https://www.dailyhealthsupplement.com/pineal-guardian-review/,Pineal Guardian X Review (2026) &mdash; Should You Buy It?,dailyhealthsupplement.com,www.dailyhealthsupplement.com,SMALL_SITE,,1.0
Pineal Guardian,Nutraville,Pineal Guardian review,"BING_INDEX_PROXY (Yahoo/DDG, Bing-sourced)",2026-08-24,VALIDATED,5,https://healthreviewnetwork.com/brain/pineal-guardian-review/,"Pineal Guardian Review {Scam}: Side Effects, Does It Work?",healthreviewnetwork.com,healthreviewnetwork.com,SMALL_SITE,,1.0
Pineal Guardian,Nutraville,Pineal Guardian review,"BING_INDEX_PROXY (Yahoo/DDG, Bing-sourced)",2026-08-24,VALIDATED,6,https://pinealcode.com/blog/pineal-guardian-review,Pineal Guardian Review: Natural Brain Health Supplement That ...,pinealcode.com,pinealcode.com,SMALL_SITE,,1.0
Pineal Guardian,Nutraville,Pineal Guardian review,"BING_INDEX_PROXY (Yahoo/DDG, Bing-sourced)",2026-08-24,VALIDATED,7,https://www.consumerhealthdigest.com/brain-enhancement-supplements/pineal-guardian-review.html,Pineal Guardian Review 2026: Does It Actually Work? Honest ...,consumerhealthdigest.com,www.consumerhealthdigest.com,SMALL_SITE,,1.0
iGenics,igenics,iGenics review,"BING_INDEX_PROXY (Yahoo/DDG, Bing-sourced)",2026-08-24,VALIDATED,1,https://www.consumerhealthdigest.com/eye-health-supplements/igenics-review.html,"IGenics Review - Features, Benefits, Pricing and More!",consumerhealthdigest.com,www.consumerhealthdigest.com,SMALL_SITE,,1.0
iGenics,igenics,iGenics review,"BING_INDEX_PROXY (Yahoo/DDG, Bing-sourced)",2026-08-24,VALIDATED,2,https://www.healthwebmagazine.com/igenics-review,iGenics Review - Does It Really Work &amp; Is It Worth The Money?,healthwebmagazine.com,www.healthwebmagazine.com,SMALL_SITE,,1.0
iGenics,igenics,iGenics review,"BING_INDEX_PROXY (Yahoo/DDG, Bing-sourced)",2026-08-24,VALIDATED,3,https://www.supplementmag.com/igenics-reviews/,Videos,supplementmag.com,www.supplementmag.com,SMALL_SITE,,0.0
iGenics,igenics,iGenics review,"BING_INDEX_PROXY (Yahoo/DDG, Bing-sourced)",2026-08-24,VALIDATED,4,https://visionwellnesslab.com/reviews/igenics-review/,IGenics Reviews 2026 Scam or Legit? Hidden Truth!,visionwellnesslab.com,visionwellnesslab.com,SMALL_SITE,,1.0
iGenics,igenics,iGenics review,"BING_INDEX_PROXY (Yahoo/DDG, Bing-sourced)",2026-08-24,VALIDATED,5,https://bestsupplements.best/reviews/igenics/,"iGenics Review (2026): Real Results, Complaints &amp; Honest Analysis",bestsupplements.best,bestsupplements.best,SMALL_SITE,,1.0
iGenics,igenics,iGenics review,"BING_INDEX_PROXY (Yahoo/DDG, Bing-sourced)",2026-08-24,VALIDATED,6,https://www.supplementsdiary.com/igenics-review/,"iGenics Review (2025): Ingredients, Evidence &amp; Honest Verdict ...",supplementsdiary.com,www.supplementsdiary.com,SMALL_SITE,,1.0
iGenics,igenics,iGenics review,"BING_INDEX_PROXY (Yahoo/DDG, Bing-sourced)",2026-08-24,VALIDATED,7,https://consumerhealthline.com/real-truth/igenics-scam-or-legit/,"iGenics Review: Side Effects, Ingredients, and Scam Concerns",consumerhealthline.com,consumerhealthline.com,SMALL_SITE,,1.0
NeuroPrime,zenmavibe,NeuroPrime review,"BING_INDEX_PROXY (Yahoo/DDG, Bing-sourced)",2026-08-24,VALIDATED,1,https://www.supplementmag.com/neuroprime-review/,NeuroPrime Review 2026: This Will Change How You Think!,supplementmag.com,www.supplementmag.com,SMALL_SITE,,1.0
NeuroPrime,zenmavibe,NeuroPrime review,"BING_INDEX_PROXY (Yahoo/DDG, Bing-sourced)",2026-08-24,VALIDATED,2,https://www.consumerhealthdigest.com/brain-enhancement-supplements/neuroprime-review.html,NeuroPrime Review: Is It the Cognitive Enhancer You Need?,consumerhealthdigest.com,www.consumerhealthdigest.com,SMALL_SITE,,1.0
NeuroPrime,zenmavibe,NeuroPrime review,"BING_INDEX_PROXY (Yahoo/DDG, Bing-sourced)",2026-08-24,VALIDATED,3,https://bestsupplements.best/reviews/neuro-prime/,NeuroPrime Review 2026: Brain Drop Supplement Verdict,bestsupplements.best,bestsupplements.best,SMALL_SITE,,1.0
NeuroPrime,zenmavibe,NeuroPrime review,"BING_INDEX_PROXY (Yahoo/DDG, Bing-sourced)",2026-08-24,VALIDATED,4,https://www.wellnessdigest.com/brain-health/neuroprime-review,NeuroPrime Review: Does It Really Improve Memory &amp; Focus?,wellnessdigest.com,www.wellnessdigest.com,SMALL_SITE,,1.0
NeuroPrime,zenmavibe,NeuroPrime review,"BING_INDEX_PROXY (Yahoo/DDG, Bing-sourced)",2026-08-24,VALIDATED,5,https://healthreviewnetwork.com/brain/neuroprime-review/,NeuroPrime Review: Does This Brain Supplement Really Work for ...,healthreviewnetwork.com,healthreviewnetwork.com,SMALL_SITE,,1.0
NeuroPrime,zenmavibe,NeuroPrime review,"BING_INDEX_PROXY (Yahoo/DDG, Bing-sourced)",2026-08-24,VALIDATED,6,https://yourhealthrights.com/neuroprime-review/,NeuroPrime Review: My Honest 30-Day Brain Support Experience,yourhealthrights.com,yourhealthrights.com,SMALL_SITE,,1.0
NeuroPrime,zenmavibe,NeuroPrime review,"BING_INDEX_PROXY (Yahoo/DDG, Bing-sourced)",2026-08-24,VALIDATED,7,https://consumerhealthline.com/brain-health-supplement/neuroprime-reviews/,NeuroPrime Reviews &ndash; Does This Brain Supplement Really Work?,consumerhealthline.com,consumerhealthline.com,SMALL_SITE,,1.0
Advanced Mitochondrial Formula,soundview,Advanced Mitochondrial Formula review,"BING_INDEX_PROXY (Yahoo/DDG, Bing-sourced)",2026-08-24,VALIDATED,1,https://www.consumerhealthdigest.com/energy-supplements/advanced-mitochondrial-formula.html,Advanced Mitochondrial Formula Review: Is this Supplement Safe?,consumerhealthdigest.com,www.consumerhealthdigest.com,SMALL_SITE,,1.0
Advanced Mitochondrial Formula,soundview,Advanced Mitochondrial Formula review,"BING_INDEX_PROXY (Yahoo/DDG, Bing-sourced)",2026-08-24,VALIDATED,2,https://jefferyshome.com/advanced-mitochondrial-formula-review/,Videos,jefferyshome.com,jefferyshome.com,SMALL_SITE,,0.0
Advanced Mitochondrial Formula,soundview,Advanced Mitochondrial Formula review,"BING_INDEX_PROXY (Yahoo/DDG, Bing-sourced)",2026-08-24,VALIDATED,3,https://www.healthinsiders.com/advanced-mitochondrial-formula-review,Advanced Mitochondrial Formula Review: Does It Really Boost ...,healthinsiders.com,www.healthinsiders.com,SMALL_SITE,,1.0
Advanced Mitochondrial Formula,soundview,Advanced Mitochondrial Formula review,"BING_INDEX_PROXY (Yahoo/DDG, Bing-sourced)",2026-08-24,VALIDATED,4,https://www.supplementsdiary.com/advanced-mitochondrial-formula-review/,Advanced Mitochondrial Formula Reviews &ndash; Here&apos;s My Experience,supplementsdiary.com,www.supplementsdiary.com,SMALL_SITE,,1.0
Advanced Mitochondrial Formula,soundview,Advanced Mitochondrial Formula review,"BING_INDEX_PROXY (Yahoo/DDG, Bing-sourced)",2026-08-24,VALIDATED,5,https://www.thesupplementpost.com/reviews/advanced-mitochondrial-formula-pros-and-cons,Advanced Mitochondrial Formula Review: Scam Or Safe?,thesupplementpost.com,www.thesupplementpost.com,SMALL_SITE,,1.0
Advanced Mitochondrial Formula,soundview,Advanced Mitochondrial Formula review,"BING_INDEX_PROXY (Yahoo/DDG, Bing-sourced)",2026-08-24,VALIDATED,6,https://www.advancedbionutritionals.com/Mitochondrial-Supplements/Advanced-Mitochondrial-Formula/Reviews.htm,Advanced Mitochondrial Formula: Worth It or Waste?,advancedbionutritionals.com,www.advancedbionutritionals.com,SMALL_SITE,,1.0
Advanced Mitochondrial Formula,soundview,Advanced Mitochondrial Formula review,"BING_INDEX_PROXY (Yahoo/DDG, Bing-sourced)",2026-08-24,VALIDATED,7,https://www.thesupplementpost.com/reviews/advanced-mitochondrial-formula,Reviews For Advanced Mitochondrial Formula,thesupplementpost.com,www.thesupplementpost.com,SMALL_SITE,,1.0
Nerve Fresh,premvitality,Nerve Fresh review,"BING_INDEX_PROXY (Yahoo/DDG, Bing-sourced)",2026-08-24,VALIDATED,1,https://www.consumerhealthdigest.com/nerve-health-supplements/nerve-fresh-review.html,Nerve Fresh Review: Can It Truly Support Healthy Nerves?,consumerhealthdigest.com,www.consumerhealthdigest.com,SMALL_SITE,,1.0
Nerve Fresh,premvitality,Nerve Fresh review,"BING_INDEX_PROXY (Yahoo/DDG, Bing-sourced)",2026-08-24,VALIDATED,2,https://www.supplementmag.com/nerve-fresh-review/,Nerve Fresh Review 2026: Is This Supplement Worth It?,supplementmag.com,www.supplementmag.com,SMALL_SITE,,1.0
Nerve Fresh,premvitality,Nerve Fresh review,"BING_INDEX_PROXY (Yahoo/DDG, Bing-sourced)",2026-08-24,VALIDATED,3,https://www.supplementsdiary.com/nerve-fresh-review/,Nerve Fresh Review: Side Effects Ingredients and Scams Concerns,supplementsdiary.com,www.supplementsdiary.com,SMALL_SITE,,1.0
Nerve Fresh,premvitality,Nerve Fresh review,"BING_INDEX_PROXY (Yahoo/DDG, Bing-sourced)",2026-08-24,VALIDATED,4,https://consumerhealthline.com/nerve-health-reviews/nerve-fresh/,Videos,consumerhealthline.com,consumerhealthline.com,SMALL_SITE,,0.0
Nerve Fresh,premvitality,Nerve Fresh review,"BING_INDEX_PROXY (Yahoo/DDG, Bing-sourced)",2026-08-24,VALIDATED,5,https://bestsupplements.best/reviews/nerve-fresh/,"Nerve Fresh Review &ndash; Pros, Cons, Benefits &amp; Real User Feedback",bestsupplements.best,bestsupplements.best,SMALL_SITE,,1.0
Nerve Fresh,premvitality,Nerve Fresh review,"BING_INDEX_PROXY (Yahoo/DDG, Bing-sourced)",2026-08-24,VALIDATED,6,https://www.dailyhealthsupplement.com/nerve-fresh-review/,Nerve Fresh Review 2026: Neuropathy Supplement,dailyhealthsupplement.com,www.dailyhealthsupplement.com,SMALL_SITE,,1.0
Nerve Fresh,premvitality,Nerve Fresh review,"BING_INDEX_PROXY (Yahoo/DDG, Bing-sourced)",2026-08-24,VALIDATED,7,https://nervefreshreview.blog/,Nerve Fresh Review 2026: Don&rsquo;t Buy Before Reading This!,nervefreshreview.blog,nervefreshreview.blog,EMD_ROOT,EMD_ROOT,1.0
Vertigenics,Vertigenics,Vertigenics review,"BING_INDEX_PROXY (Yahoo/DDG, Bing-sourced)",2026-08-24,VALIDATED,1,https://www.dailyhealthsupplement.com/vertigenics-review/,Vertigenics Review 2026: The Truth Exposed,dailyhealthsupplement.com,www.dailyhealthsupplement.com,SMALL_SITE,,1.0
Vertigenics,Vertigenics,Vertigenics review,"BING_INDEX_PROXY (Yahoo/DDG, Bing-sourced)",2026-08-24,VALIDATED,2,https://therealrealreviews.com/vertigenics-review-my-60-day-test-results/,Vertigenics Review: My 60-Day Test Results,therealrealreviews.com,therealrealreviews.com,SMALL_SITE,,1.0
Vertigenics,Vertigenics,Vertigenics review,"BING_INDEX_PROXY (Yahoo/DDG, Bing-sourced)",2026-08-24,VALIDATED,3,https://www.consumerhealthdigest.com/brain-enhancement-supplements/vertigenics-review.html,Vertigenics Review: Does It Boost Focus &amp; Overall Well-Being?,consumerhealthdigest.com,www.consumerhealthdigest.com,SMALL_SITE,,1.0
Vertigenics,Vertigenics,Vertigenics review,"BING_INDEX_PROXY (Yahoo/DDG, Bing-sourced)",2026-08-24,VALIDATED,4,https://www.wellnessdigest.com/wellness/vertigenics-review,Vertigenics Review &ndash; Boost Mental Clarity &amp; Stability,wellnessdigest.com,www.wellnessdigest.com,SMALL_SITE,,1.0
Vertigenics,Vertigenics,Vertigenics review,"BING_INDEX_PROXY (Yahoo/DDG, Bing-sourced)",2026-08-24,VALIDATED,5,https://supplementstips.com/vertigenics-reviews-complaints-2026/,Vertigenics Reviews 2026: Scam or Legit? Read Before You Buy,supplementstips.com,supplementstips.com,SMALL_SITE,,1.0
Vertigenics,Vertigenics,Vertigenics review,"BING_INDEX_PROXY (Yahoo/DDG, Bing-sourced)",2026-08-24,VALIDATED,6,https://bioboostreviews.blog/vertigenics-review/,"Vertigenics Review 2026 &mdash; Ingredients, Evidence Gap Analysis ...",bioboostreviews.blog,bioboostreviews.blog,SMALL_SITE,,1.0
Vertigenics,Vertigenics,Vertigenics review,"BING_INDEX_PROXY (Yahoo/DDG, Bing-sourced)",2026-08-24,VALIDATED,7,https://www.supplementsdiary.com/vertigenics-review/,"Vertigenics Review: Side Effects, Ingredients, Scam Truth",supplementsdiary.com,www.supplementsdiary.com,SMALL_SITE,,1.0
Advanced Amino Formula,soundview,Advanced Amino Formula review,"BING_INDEX_PROXY (Yahoo/DDG, Bing-sourced)",2026-08-24,VALIDATED,1,https://www.consumerhealthdigest.com/bodybuilding/advanced-amino-formula-review.html,Advanced Amino Formula Review: Is It Worth Buying?,consumerhealthdigest.com,www.consumerhealthdigest.com,SMALL_SITE,,1.0
Advanced Amino Formula,soundview,Advanced Amino Formula review,"BING_INDEX_PROXY (Yahoo/DDG, Bing-sourced)",2026-08-24,VALIDATED,2,https://www.thesupplementpost.com/reviews/advanced-amino-formula-pros-and-cons,Videos,thesupplementpost.com,www.thesupplementpost.com,SMALL_SITE,,0.0
Advanced Amino Formula,soundview,Advanced Amino Formula review,"BING_INDEX_PROXY (Yahoo/DDG, Bing-sourced)",2026-08-24,VALIDATED,3,https://www.healthinsiders.com/advanced-amino-formula-review,Advanced Amino Formula Pros and Cons: Worth It or Waste?,healthinsiders.com,www.healthinsiders.com,SMALL_SITE,,1.0
Advanced Amino Formula,soundview,Advanced Amino Formula review,"BING_INDEX_PROXY (Yahoo/DDG, Bing-sourced)",2026-08-24,VALIDATED,4,https://www.supplementmag.com/advanced-amino-formula-reviews/,I Tried Advanced Amino Formula &ndash; Here&rsquo;s My Review,supplementmag.com,www.supplementmag.com,SMALL_SITE,,1.0
Advanced Amino Formula,soundview,Advanced Amino Formula review,"BING_INDEX_PROXY (Yahoo/DDG, Bing-sourced)",2026-08-24,VALIDATED,5,https://rootolife.com/advanced-amino-formula-review/,Advanced Amino Formula Reviews 2026: Scam or Legit?,rootolife.com,rootolife.com,SMALL_SITE,,1.0
Advanced Amino Formula,soundview,Advanced Amino Formula review,"BING_INDEX_PROXY (Yahoo/DDG, Bing-sourced)",2026-08-24,VALIDATED,6,https://www.supplementsdiary.com/advanced-amino-formula-review/,Advanced Amino Formula Review: Is It Better Than Whey? (2026),supplementsdiary.com,www.supplementsdiary.com,SMALL_SITE,,1.0
Advanced Amino Formula,soundview,Advanced Amino Formula review,"BING_INDEX_PROXY (Yahoo/DDG, Bing-sourced)",2026-08-24,VALIDATED,7,https://www.advancedbionutritionals.com/Amino-Acid-Supplements/Advanced-Amino/Reviews.htm?svp_reviews=9,"Advanced Amino Formula Review: Ingredients, Side Effects &amp; Scams",advancedbionutritionals.com,www.advancedbionutritionals.com,SMALL_SITE,,1.0
Dubai Wealth Secret,destinyaff,Dubai Wealth Secret review,"BING_INDEX_PROXY (Yahoo/DDG, Bing-sourced)",2026-08-24,VALIDATED,1,https://www.linkedin.com/pulse/dubai-wealth-secret-review-2026-luxury-training-really-sujoy-mukherji-ia56e/,Dubai Wealth Secret Review (2026): Is This Luxury Wealth ...,linkedin.com,www.linkedin.com,UGC/PLATFORM,,1.0
Dubai Wealth Secret,destinyaff,Dubai Wealth Secret review,"BING_INDEX_PROXY (Yahoo/DDG, Bing-sourced)",2026-08-24,VALIDATED,2,https://marksinsights.com/dubai-wealth-secret/,Videos,marksinsights.com,marksinsights.com,SMALL_SITE,,0.0
Dubai Wealth Secret,destinyaff,Dubai Wealth Secret review,"BING_INDEX_PROXY (Yahoo/DDG, Bing-sourced)",2026-08-24,VALIDATED,3,https://aifastreview.com/dubai-wealth-secret-review/,Dubai Wealth Secret Review: Legit or a Scam?,aifastreview.com,aifastreview.com,SMALL_SITE,,1.0
Dubai Wealth Secret,destinyaff,Dubai Wealth Secret review,"BING_INDEX_PROXY (Yahoo/DDG, Bing-sourced)",2026-08-24,VALIDATED,4,https://cloudzat.com/dubai-wealth-secret-review/,Dubai Wealth Secret Review: Honest $39 Audio Test,cloudzat.com,cloudzat.com,SMALL_SITE,,1.0
Dubai Wealth Secret,destinyaff,Dubai Wealth Secret review,"BING_INDEX_PROXY (Yahoo/DDG, Bing-sourced)",2026-08-24,VALIDATED,5,https://www.rightmindedreviews.com/dubai-wealth-secret-review-is-this-high-ticket-system-a-scam-my-results-with-the-passive-income-model,Dubai Wealth Secret Review: I Used it for 30 Days (My Results),rightmindedreviews.com,www.rightmindedreviews.com,SMALL_SITE,,1.0
Dubai Wealth Secret,destinyaff,Dubai Wealth Secret review,"BING_INDEX_PROXY (Yahoo/DDG, Bing-sourced)",2026-08-24,VALIDATED,6,https://piperhobby.com/my-dubai-wealth-secret-reviews/,Dubai Wealth Secret Review: Scam or Passive Income Results ...,piperhobby.com,piperhobby.com,SMALL_SITE,,1.0
Dubai Wealth Secret,destinyaff,Dubai Wealth Secret review,"BING_INDEX_PROXY (Yahoo/DDG, Bing-sourced)",2026-08-24,VALIDATED,7,https://www.manifestationroutine.com/reviews/dubai-wealth-secret/,Dubai Wealth Secret Reviews 2025 &ndash; I Tried It For 30 Day,manifestationroutine.com,www.manifestationroutine.com,SMALL_SITE,,1.0
Blood Sugar Blaster,premvitality,Blood Sugar Blaster review,"BING_INDEX_PROXY (Yahoo/DDG, Bing-sourced)",2026-08-24,VALIDATED,1,https://www.supplementmag.com/blood-sugar-blaster-review/,Blood Sugar Blaster Review 2026: What&rsquo;s the REAL Verdict?,supplementmag.com,www.supplementmag.com,SMALL_SITE,,1.0
Blood Sugar Blaster,premvitality,Blood Sugar Blaster review,"BING_INDEX_PROXY (Yahoo/DDG, Bing-sourced)",2026-08-24,VALIDATED,2,https://www.consumerhealthdigest.com/blood-sugar-supplements-review/blood-sugar-blaster.html,Blood Sugar Blaster Review: Is It Effective for Blood Sugar?,consumerhealthdigest.com,www.consumerhealthdigest.com,SMALL_SITE,,1.0
Blood Sugar Blaster,premvitality,Blood Sugar Blaster review,"BING_INDEX_PROXY (Yahoo/DDG, Bing-sourced)",2026-08-24,VALIDATED,3,https://mediclime.com/prediabetes-diabetes-treatment/blood-sugar-blaster-regulate-your-blood-sugar-naturally-buy-204,Videos,mediclime.com,mediclime.com,SMALL_SITE,,0.0
Blood Sugar Blaster,premvitality,Blood Sugar Blaster review,"BING_INDEX_PROXY (Yahoo/DDG, Bing-sourced)",2026-08-24,VALIDATED,4,https://blood-sugar-blaster.mediprimes.com/,Blood Sugar Blaster: Regulate Your Blood Sugar Naturally,mediprimes.com,blood-sugar-blaster.mediprimes.com,EMD_SUBDOMAIN,EMD_SUBDOMAIN,1.0
Blood Sugar Blaster,premvitality,Blood Sugar Blaster review,"BING_INDEX_PROXY (Yahoo/DDG, Bing-sourced)",2026-08-24,VALIDATED,5,https://www.dailyhealthsupplement.com/blood-sugar-blaster-review/,Blood Sugar Blaster &ndash; Glucose Support &amp; Balanced Energy ...,dailyhealthsupplement.com,www.dailyhealthsupplement.com,SMALL_SITE,,1.0
Blood Sugar Blaster,premvitality,Blood Sugar Blaster review,"BING_INDEX_PROXY (Yahoo/DDG, Bing-sourced)",2026-08-24,VALIDATED,6,https://freshupreviews.com/blood-sugar-blaster-reviews/,Blood Sugar Blaster Review 2026 | Must-Read Before Buying,freshupreviews.com,freshupreviews.com,SMALL_SITE,,1.0
Blood Sugar Blaster,premvitality,Blood Sugar Blaster review,"BING_INDEX_PROXY (Yahoo/DDG, Bing-sourced)",2026-08-24,VALIDATED,7,https://checklinehealth.com/blood-sugar-blaster-review/,Blood Sugar Blaster Reviews 2026: My Husband Tried It For 90 ...,checklinehealth.com,checklinehealth.com,SMALL_SITE,,1.0
TonicGreens,tonicgreens,TonicGreens review,"BING_INDEX_PROXY (Yahoo/DDG, Bing-sourced)",2026-08-24,VALIDATED,1,https://tonicgreens.reviews/,TonicGreens Review (2025) &bull; 57+ Superfoods for Immune ...,tonicgreens.reviews,tonicgreens.reviews,EMD_ROOT,EMD_ROOT,1.0
TonicGreens,tonicgreens,TonicGreens review,"BING_INDEX_PROXY (Yahoo/DDG, Bing-sourced)",2026-08-24,VALIDATED,2,https://www.consumerhealthdigest.com/immune-system-supplements/tonic-greens-review.html,Videos,consumerhealthdigest.com,www.consumerhealthdigest.com,SMALL_SITE,,0.0
TonicGreens,tonicgreens,TonicGreens review,"BING_INDEX_PROXY (Yahoo/DDG, Bing-sourced)",2026-08-24,VALIDATED,3,https://inmybowl.com/tonic-greens-review/,Tonic Greens Review: Is It the Immune Booster You Need?,inmybowl.com,inmybowl.com,SMALL_SITE,,0.0
TonicGreens,tonicgreens,TonicGreens review,"BING_INDEX_PROXY (Yahoo/DDG, Bing-sourced)",2026-08-24,VALIDATED,4,https://nuvectramedical.com/tonicgreens-review/,Tonic Greens Reviews 2026 | Is It Worth? An MD&rsquo;s Honest Review,nuvectramedical.com,nuvectramedical.com,SMALL_SITE,,0.0
TonicGreens,tonicgreens,TonicGreens review,"BING_INDEX_PROXY (Yahoo/DDG, Bing-sourced)",2026-08-24,VALIDATED,5,https://honestsupplementguide.com/general-fitness/tonicgreens-review.html,TonicGreens Reviews &ndash; Must Read This Before Buying!,honestsupplementguide.com,honestsupplementguide.com,SMALL_SITE,,1.0
TonicGreens,tonicgreens,TonicGreens review,"BING_INDEX_PROXY (Yahoo/DDG, Bing-sourced)",2026-08-24,VALIDATED,6,https://tonicgreens.colibrim.ai/,Tonicgreens Review (2026): We Tested the Claims. Here Is Our ...,colibrim.ai,tonicgreens.colibrim.ai,EMD_SUBDOMAIN,EMD_SUBDOMAIN,1.0
TonicGreens,tonicgreens,TonicGreens review,"BING_INDEX_PROXY (Yahoo/DDG, Bing-sourced)",2026-08-24,VALIDATED,7,https://www.dailyhealthsupplement.com/tonic-greens-review/,TonicGreens&trade; Original | Immune system boosters Tonic Greens,dailyhealthsupplement.com,www.dailyhealthsupplement.com,SMALL_SITE,,1.0
CaviArgan,koshea76,CaviArgan review,"BING_INDEX_PROXY (Yahoo/DDG, Bing-sourced)",2026-08-24,VALIDATED,1,https://www.supplementmag.com/caviargan-review/,CaviArgan review 2026: I Wish I Knew This! - supplementmag.com,supplementmag.com,www.supplementmag.com,SMALL_SITE,,1.0
CaviArgan,koshea76,CaviArgan review,"BING_INDEX_PROXY (Yahoo/DDG, Bing-sourced)",2026-08-24,VALIDATED,2,https://www.dailyhealthsupplement.com/caviargan-review/,Videos,dailyhealthsupplement.com,www.dailyhealthsupplement.com,SMALL_SITE,,0.0
CaviArgan,koshea76,CaviArgan review,"BING_INDEX_PROXY (Yahoo/DDG, Bing-sourced)",2026-08-24,VALIDATED,3,https://thecountyreview.com/caviargan-review/,CaviArgan Review 2026: Honest Buyer Confession,thecountyreview.com,thecountyreview.com,SMALL_SITE,,1.0
CaviArgan,koshea76,CaviArgan review,"BING_INDEX_PROXY (Yahoo/DDG, Bing-sourced)",2026-08-24,VALIDATED,4,https://www.consumerhealthdigest.com/anti-aging-reviews/caviargan.html,CaviArgan Review [2026]: Real Results or Just Another ...,consumerhealthdigest.com,www.consumerhealthdigest.com,SMALL_SITE,,1.0
CaviArgan,koshea76,CaviArgan review,"BING_INDEX_PROXY (Yahoo/DDG, Bing-sourced)",2026-08-24,VALIDATED,5,https://www.mfreviews.com/caviargan-review-2026-i-spent-3-months-testing-heres-what-really-happened/,"CaviArgan Review &ndash; Hydrate, Firm, and Restore Radiance",mfreviews.com,www.mfreviews.com,SMALL_SITE,,1.0
CaviArgan,koshea76,CaviArgan review,"BING_INDEX_PROXY (Yahoo/DDG, Bing-sourced)",2026-08-24,VALIDATED,6,https://www.mfreviews.com/caviargan-reviews-2026-we-tried-it-my-honest-review/,CaviArgan Review 2026: I Spent 3 Months Testing - Here's What ...,mfreviews.com,www.mfreviews.com,SMALL_SITE,,1.0
CaviArgan,koshea76,CaviArgan review,"BING_INDEX_PROXY (Yahoo/DDG, Bing-sourced)",2026-08-24,VALIDATED,7,https://www.accessnewswire.com/newsroom/en/consumer-and-retail-products/caviargan-review-2025-does-this-argan-oil-and-caviar-moisturizer-rever-1088973,CaviArgan Reviews (2026): We Tried It &ndash; My Honest Review!,accessnewswire.com,www.accessnewswire.com,SMALL_SITE,,1.0
EchoXen,RM7866,EchoXen review,"BING_INDEX_PROXY (Yahoo/DDG, Bing-sourced)",2026-08-24,VALIDATED,1,https://www.consumerhealthdigest.com/tinnitus-supplements/echoxen-review.html,EchoXen Review: Can It Sharpen Your Hearing?,consumerhealthdigest.com,www.consumerhealthdigest.com,SMALL_SITE,,1.0
EchoXen,RM7866,EchoXen review,"BING_INDEX_PROXY (Yahoo/DDG, Bing-sourced)",2026-08-24,VALIDATED,2,https://yourhealthrights.com/echoxen-review/,Videos,yourhealthrights.com,yourhealthrights.com,SMALL_SITE,,0.0
EchoXen,RM7866,EchoXen review,"BING_INDEX_PROXY (Yahoo/DDG, Bing-sourced)",2026-08-24,VALIDATED,3,https://www.supplementmag.com/echoxen-review/,EchoXen Review: My 30-Day Honest Experience &amp; Results,supplementmag.com,www.supplementmag.com,SMALL_SITE,,1.0
EchoXen,RM7866,EchoXen review,"BING_INDEX_PROXY (Yahoo/DDG, Bing-sourced)",2026-08-24,VALIDATED,4,https://bestsupplements.best/reviews/echoxen/,EchoXen Review 2026: You&rsquo;ll Be Surprised! - supplementmag.com,bestsupplements.best,bestsupplements.best,SMALL_SITE,,1.0
EchoXen,RM7866,EchoXen review,"BING_INDEX_PROXY (Yahoo/DDG, Bing-sourced)",2026-08-24,VALIDATED,5,https://consumerhealthline.com/real-reviews/echoxen-reviews/,EchoXen Review 2026: Hearing Support Drops Verdict,consumerhealthline.com,consumerhealthline.com,SMALL_SITE,,1.0
EchoXen,RM7866,EchoXen review,"BING_INDEX_PROXY (Yahoo/DDG, Bing-sourced)",2026-08-24,VALIDATED,6,https://www.wellnessdigest.com/vitamins-supplements/echoxen-review,Echoxen Reviews : Is It Really Effective for Hearing Support?,wellnessdigest.com,www.wellnessdigest.com,SMALL_SITE,,1.0
EchoXen,RM7866,EchoXen review,"BING_INDEX_PROXY (Yahoo/DDG, Bing-sourced)",2026-08-24,VALIDATED,7,https://echoxen.buynusa.com/,EchoXen Review : Natural Ear Drops for Hearing Health,buynusa.com,echoxen.buynusa.com,EMD_SUBDOMAIN,EMD_SUBDOMAIN,1.0
Lanta Flat Belly Shake,mysteryoffers,Lanta Flat Belly Shake review,"BING_INDEX_PROXY (Yahoo/DDG, Bing-sourced)",2026-08-24,VALIDATED,1,https://www.dailyhealthsupplement.com/lanta-flat-belly-shake-review/,Lanta Flat Belly Shake Review 2026 | Scam or Legit?,dailyhealthsupplement.com,www.dailyhealthsupplement.com,SMALL_SITE,,1.0
Lanta Flat Belly Shake,mysteryoffers,Lanta Flat Belly Shake review,"BING_INDEX_PROXY (Yahoo/DDG, Bing-sourced)",2026-08-24,VALIDATED,2,https://www.consumerhealthdigest.com/weight-loss-shakes/lanta-flat-belly-shake-review.html,Videos,consumerhealthdigest.com,www.consumerhealthdigest.com,SMALL_SITE,,0.0
Lanta Flat Belly Shake,mysteryoffers,Lanta Flat Belly Shake review,"BING_INDEX_PROXY (Yahoo/DDG, Bing-sourced)",2026-08-24,VALIDATED,3,https://www.supplementmag.com/lanta-flat-belly-shake-review/,Lanta Flat Belly Shake Review: Natural Fat Burning Shake?,supplementmag.com,www.supplementmag.com,SMALL_SITE,,1.0
Lanta Flat Belly Shake,mysteryoffers,Lanta Flat Belly Shake review,"BING_INDEX_PROXY (Yahoo/DDG, Bing-sourced)",2026-08-24,VALIDATED,4,https://honestsupplementguide.com/weight-loss/lantaflatbellyshake-review.html,Lanta Flat Belly Shake Review 2026 | Scam or Miracle?,honestsupplementguide.com,honestsupplementguide.com,SMALL_SITE,,1.0
Lanta Flat Belly Shake,mysteryoffers,Lanta Flat Belly Shake review,"BING_INDEX_PROXY (Yahoo/DDG, Bing-sourced)",2026-08-24,VALIDATED,5,https://www.healthwebmagazine.com/lanta-flat-belly-shake-review,Lanta Flat Belly Shake Review (2026): Should You Try It? Our ...,healthwebmagazine.com,www.healthwebmagazine.com,SMALL_SITE,,1.0
Lanta Flat Belly Shake,mysteryoffers,Lanta Flat Belly Shake review,"BING_INDEX_PROXY (Yahoo/DDG, Bing-sourced)",2026-08-24,VALIDATED,6,https://www.healthinsiders.com/lanta-flat-belly-shake-review,Lanta Flat Belly Shake Review - Is It Worth The Money?,healthinsiders.com,www.healthinsiders.com,SMALL_SITE,,1.0
Lanta Flat Belly Shake,mysteryoffers,Lanta Flat Belly Shake review,"BING_INDEX_PROXY (Yahoo/DDG, Bing-sourced)",2026-08-24,VALIDATED,7,https://www.onereviewusa.com/post/lanta-flat-belly-shake-review-1,Lanta Flat Belly Shake Reviews - Is It Safe and Effective?,onereviewusa.com,www.onereviewusa.com,SMALL_SITE,,1.0
Neuroxen,RM7866,Neuroxen review,"BING_INDEX_PROXY (Yahoo/DDG, Bing-sourced)",2026-08-24,VALIDATED,1,https://www.supplementmag.com/neuroxen-review/,NeuroXen Review 2026: Scam Alert or Legit Brain Booster?,supplementmag.com,www.supplementmag.com,SMALL_SITE,,1.0
Neuroxen,RM7866,Neuroxen review,"BING_INDEX_PROXY (Yahoo/DDG, Bing-sourced)",2026-08-24,VALIDATED,2,https://www.dailyhealthsupplement.com/neuroxen-review/,NeuroXen Review 2026 | Ultimate Brain Breakthrough Everyone,dailyhealthsupplement.com,www.dailyhealthsupplement.com,SMALL_SITE,,1.0
Neuroxen,RM7866,Neuroxen review,"BING_INDEX_PROXY (Yahoo/DDG, Bing-sourced)",2026-08-24,VALIDATED,3,https://colibrim.org/brain-cognitive-health-formula-guide/evaluating-cognitive-support-supplements-and-neuroxen-ingredients-410,Videos,colibrim.org,colibrim.org,SMALL_SITE,,0.0
Neuroxen,RM7866,Neuroxen review,"BING_INDEX_PROXY (Yahoo/DDG, Bing-sourced)",2026-08-24,VALIDATED,4,https://www.consumerhealthdigest.com/brain-enhancement-supplements/neuroxen-review.html,Evaluating Cognitive Support Supplements and NeuroXen ...,consumerhealthdigest.com,www.consumerhealthdigest.com,SMALL_SITE,,1.0
Neuroxen,RM7866,Neuroxen review,"BING_INDEX_PROXY (Yahoo/DDG, Bing-sourced)",2026-08-24,VALIDATED,5,https://supplementreviewdaily.com/brain-health/neuroxen-review.html,NeuroXen Review: Can It Truly Sharpen Mental Clarity?,supplementreviewdaily.com,supplementreviewdaily.com,SMALL_SITE,,1.0
Neuroxen,RM7866,Neuroxen review,"BING_INDEX_PROXY (Yahoo/DDG, Bing-sourced)",2026-08-24,VALIDATED,6,https://honestsupplementguide.com/brain-health/neuroxen-review.html,Neuroxen Review (2026): Can It Deliver Real Results? Our ...,honestsupplementguide.com,honestsupplementguide.com,SMALL_SITE,,1.0
Neuroxen,RM7866,Neuroxen review,"BING_INDEX_PROXY (Yahoo/DDG, Bing-sourced)",2026-08-24,VALIDATED,7,https://empireneuro.org/neuroxen-review-brain-health-neurological-perspective/,Neuroxen Review (2026): Does It Actually Work? Our Honest ...,empireneuro.org,empireneuro.org,SMALL_SITE,,1.0
Vigortrix,MaxiOffer,Vigortrix review,"BING_INDEX_PROXY (Yahoo/DDG, Bing-sourced)",2026-08-24,VALIDATED,1,https://malevitalitysource.com/vigortrix-review.html,Vigortrix Review 2026: Stamina Formula Tested | Male Vitality ...,malevitalitysource.com,malevitalitysource.com,SMALL_SITE,,1.0
Vigortrix,MaxiOffer,Vigortrix review,"BING_INDEX_PROXY (Yahoo/DDG, Bing-sourced)",2026-08-24,VALIDATED,2,https://hbmag.com/vigortrix-reviews/,Videos,hbmag.com,hbmag.com,SMALL_SITE,,0.0
Vigortrix,MaxiOffer,Vigortrix review,"BING_INDEX_PROXY (Yahoo/DDG, Bing-sourced)",2026-08-24,VALIDATED,3,https://malwaretips.com/blogs/vigortrix-male-enhancement/,Vigortrix Reviews 2026: Know What Complaints Real Users Have,malwaretips.com,malwaretips.com,SMALL_SITE,,1.0
Vigortrix,MaxiOffer,Vigortrix review,"BING_INDEX_PROXY (Yahoo/DDG, Bing-sourced)",2026-08-24,VALIDATED,4,https://sterobody.com/vigortrix-reviews/,Vigortrix Male Enhancement &ndash; Scam or Legit? Read This,sterobody.com,sterobody.com,SMALL_SITE,,1.0
Vigortrix,MaxiOffer,Vigortrix review,"BING_INDEX_PROXY (Yahoo/DDG, Bing-sourced)",2026-08-24,VALIDATED,5,https://pvmedcenter.com/vigortrix-male-enhancement-a-clinical-review-of-formulation-evidence-and-user-reported-outcomes/,I Tried Vigortrix : My Honest Review After 90 Days and ...,pvmedcenter.com,pvmedcenter.com,SMALL_SITE,,1.0
Vigortrix,MaxiOffer,Vigortrix review,"BING_INDEX_PROXY (Yahoo/DDG, Bing-sourced)",2026-08-24,VALIDATED,6,https://healthreviewdesk.com/vigortrix-reviews-2026/,Vigortrix Male Enhancement: A Clinical Review of Formulation ...,healthreviewdesk.com,healthreviewdesk.com,SMALL_SITE,,1.0
Vigortrix,MaxiOffer,Vigortrix review,"BING_INDEX_PROXY (Yahoo/DDG, Bing-sourced)",2026-08-24,VALIDATED,7,https://equalifieds.com/vigortrix-reviews/,VigorTrix Reviews 2026: My Husband&rsquo;s $89 Mistake and the One ...,equalifieds.com,equalifieds.com,SMALL_SITE,,1.0
SynaBoost,synaboost,SynaBoost review,"BING_INDEX_PROXY (Yahoo/DDG, Bing-sourced)",2026-08-24,VALIDATED,1,https://www.consumerhealthdigest.com/brain-enhancement-supplements/synaboost-review.html,SynaBoost Review: Can It Support Optimal Brain Health?,consumerhealthdigest.com,www.consumerhealthdigest.com,SMALL_SITE,,1.0
SynaBoost,synaboost,SynaBoost review,"BING_INDEX_PROXY (Yahoo/DDG, Bing-sourced)",2026-08-24,VALIDATED,2,https://www.supplementmag.com/synaboost-review/,Videos,supplementmag.com,www.supplementmag.com,SMALL_SITE,,0.0
SynaBoost,synaboost,SynaBoost review,"BING_INDEX_PROXY (Yahoo/DDG, Bing-sourced)",2026-08-24,VALIDATED,3,https://www.dailyhealthsupplement.com/synaboost-review/,SynaBoost review 2026: BIG Warning! - supplementmag.com,dailyhealthsupplement.com,www.dailyhealthsupplement.com,SMALL_SITE,,1.0
SynaBoost,synaboost,SynaBoost review,"BING_INDEX_PROXY (Yahoo/DDG, Bing-sourced)",2026-08-24,VALIDATED,4,https://mediclime.com/brain-cognitive-health/synaboost-enhance-your-senses-and-boost-your-health-buy-214,SynaBoost Review 2026: The Truth Exposed,mediclime.com,mediclime.com,SMALL_SITE,,1.0
SynaBoost,synaboost,SynaBoost review,"BING_INDEX_PROXY (Yahoo/DDG, Bing-sourced)",2026-08-24,VALIDATED,5,https://www.healthwebmagazine.com/synaboost-review,SynaBoost: Enhance Your Senses and Boost Your Health,healthwebmagazine.com,www.healthwebmagazine.com,SMALL_SITE,,1.0
SynaBoost,synaboost,SynaBoost review,"BING_INDEX_PROXY (Yahoo/DDG, Bing-sourced)",2026-08-24,VALIDATED,6,https://therealrealreviews.com/does-synaboost-work-expert-opinion-is-it-really-free/,Synaboost Review 2026: Does It Really Work? - Health Web Magazine,therealrealreviews.com,therealrealreviews.com,SMALL_SITE,,1.0
SynaBoost,synaboost,SynaBoost review,"BING_INDEX_PROXY (Yahoo/DDG, Bing-sourced)",2026-08-24,VALIDATED,7,https://medidime.com/memory-loss-supplements/synaboost-enhance-your-senses-and-boost-your-health-buy-214,Does SynaBoost Work: Expert Opinion | Is It Really Free?,medidime.com,medidime.com,SMALL_SITE,,1.0
All Day Slimming Tea,alldayslimtea,All Day Slimming Tea review,"BING_INDEX_PROXY (Yahoo/DDG, Bing-sourced)",2026-08-24,VALIDATED,1,https://consumerhealthline.com/slim-tea-review/all-day-slimming-tea/,ALL Day Slimming Tea Review : It's Really Effective for ...,consumerhealthline.com,consumerhealthline.com,SMALL_SITE,,1.0
All Day Slimming Tea,alldayslimtea,All Day Slimming Tea review,"BING_INDEX_PROXY (Yahoo/DDG, Bing-sourced)",2026-08-24,VALIDATED,2,https://honestsupplementguide.com/weight-loss/alldayslimmingtea-review.html,All Day Slimming Tea Review (2026): Should You Try It? Our ...,honestsupplementguide.com,honestsupplementguide.com,SMALL_SITE,,1.0
All Day Slimming Tea,alldayslimtea,All Day Slimming Tea review,"BING_INDEX_PROXY (Yahoo/DDG, Bing-sourced)",2026-08-24,VALIDATED,3,https://greentea.st/all-day-slimming-tea-review/,Videos,greentea.st,greentea.st,SMALL_SITE,,0.0
All Day Slimming Tea,alldayslimtea,All Day Slimming Tea review,"BING_INDEX_PROXY (Yahoo/DDG, Bing-sourced)",2026-08-24,VALIDATED,4,https://www.healthwebmagazine.com/all-day-slimming-tea-review,All Day Slimming Tea Review | GreenTea.st,healthwebmagazine.com,www.healthwebmagazine.com,SMALL_SITE,,1.0
All Day Slimming Tea,alldayslimtea,All Day Slimming Tea review,"BING_INDEX_PROXY (Yahoo/DDG, Bing-sourced)",2026-08-24,VALIDATED,5,https://www.supplementmag.com/all-day-slimming-tea-reviews/,All Day Slimming Tea Review 2026: Does It Really Work?,supplementmag.com,www.supplementmag.com,SMALL_SITE,,1.0
All Day Slimming Tea,alldayslimtea,All Day Slimming Tea review,"BING_INDEX_PROXY (Yahoo/DDG, Bing-sourced)",2026-08-24,VALIDATED,6,https://hbmag.com/all-day-slimming-tea-reviews-2026/,All Day Slimming Tea Reviews2026 : Scam or Legit? Find Out!,hbmag.com,hbmag.com,SMALL_SITE,,1.0
All Day Slimming Tea,alldayslimtea,All Day Slimming Tea review,"BING_INDEX_PROXY (Yahoo/DDG, Bing-sourced)",2026-08-24,VALIDATED,7,https://bestsupplements.best/reviews/all-day-slimmingtea/,All Day Slimming Tea Reviews 2026: Scam or Worth Buying?,bestsupplements.best,bestsupplements.best,SMALL_SITE,,1.0
Glucofreeze,freedomhealthllc,Glucofreeze review,"BING_INDEX_PROXY (Yahoo/DDG, Bing-sourced)",2026-08-24,VALIDATED,1,https://www.consumerhealthdigest.com/blood-sugar-supplements-review/glucofreeze.html,GlucoFreeze Review: Will it Help With Blood Sugar Levels?,consumerhealthdigest.com,www.consumerhealthdigest.com,SMALL_SITE,,1.0
Glucofreeze,freedomhealthllc,Glucofreeze review,"BING_INDEX_PROXY (Yahoo/DDG, Bing-sourced)",2026-08-24,VALIDATED,2,https://www.supplementmag.com/gluco-freeze-review/,Videos,supplementmag.com,www.supplementmag.com,SMALL_SITE,,0.0
Glucofreeze,freedomhealthllc,Glucofreeze review,"BING_INDEX_PROXY (Yahoo/DDG, Bing-sourced)",2026-08-24,VALIDATED,3,https://www.healthwebmagazine.com/glucofreeze-review,Gluco Freeze Review 2026: Honest Insights and Hard Truths,healthwebmagazine.com,www.healthwebmagazine.com,SMALL_SITE,,0.0
Glucofreeze,freedomhealthllc,Glucofreeze review,"BING_INDEX_PROXY (Yahoo/DDG, Bing-sourced)",2026-08-24,VALIDATED,4,https://www.dailyhealthsupplement.com/gluco-freeze-review/,GlucoFreeze Review - Does It Work &amp; Is It Worth The Money?,dailyhealthsupplement.com,www.dailyhealthsupplement.com,SMALL_SITE,,1.0
Glucofreeze,freedomhealthllc,Glucofreeze review,"BING_INDEX_PROXY (Yahoo/DDG, Bing-sourced)",2026-08-24,VALIDATED,5,https://www.healthinsiders.com/glucofreeze-reviews,Gluco Freeze Review 2026 | Huge Savings or Huge Scam?,healthinsiders.com,www.healthinsiders.com,SMALL_SITE,,0.0
Glucofreeze,freedomhealthllc,Glucofreeze review,"BING_INDEX_PROXY (Yahoo/DDG, Bing-sourced)",2026-08-24,VALIDATED,6,https://reviewupdated.com/glucofreeze-reviews/,GlucoFreeze Reviews: (SHOCKING!) Is It Safe To Use Or Not?,reviewupdated.com,reviewupdated.com,SMALL_SITE,,1.0
Glucofreeze,freedomhealthllc,Glucofreeze review,"BING_INDEX_PROXY (Yahoo/DDG, Bing-sourced)",2026-08-24,VALIDATED,7,https://www.totalhealthreports.com/glucofreeze-review/,"GlucoFreeze Reviews - Ingredients, Complaints, Side Effects",totalhealthreports.com,www.totalhealthreports.com,SMALL_SITE,,1.0
Thyrafemme Balance,thyrafemme,Thyrafemme Balance review,"BING_INDEX_PROXY (Yahoo/DDG, Bing-sourced)",2026-08-24,VALIDATED,1,https://www.consumerhealthdigest.com/thyroid-supplement-reviews/thyrafemme-balance.html,Thyrafemme Balance Review: Women's Thyroid Supplement,consumerhealthdigest.com,www.consumerhealthdigest.com,SMALL_SITE,,1.0
Thyrafemme Balance,thyrafemme,Thyrafemme Balance review,"BING_INDEX_PROXY (Yahoo/DDG, Bing-sourced)",2026-08-24,VALIDATED,2,https://www.psychreg.org/thyrafemme-balance-reviews-complaints-safe-worth-buying-thyroid-health-expert-opinion/,Videos,psychreg.org,www.psychreg.org,SMALL_SITE,,0.0
Thyrafemme Balance,thyrafemme,Thyrafemme Balance review,"BING_INDEX_PROXY (Yahoo/DDG, Bing-sourced)",2026-08-24,VALIDATED,3,https://www.dailyhealthsupplement.com/thyrafemme-balance-reviews/,Thyrafemme Balance Reviews and Complaints 2025: Is ... - Psychreg,dailyhealthsupplement.com,www.dailyhealthsupplement.com,SMALL_SITE,,1.0
Thyrafemme Balance,thyrafemme,Thyrafemme Balance review,"BING_INDEX_PROXY (Yahoo/DDG, Bing-sourced)",2026-08-24,VALIDATED,4,https://healthinkwell.com/thyrafemme-balance-review/,ThyraFemme Balance Reviews 2026: Scam or Legit? [Alert],healthinkwell.com,healthinkwell.com,SMALL_SITE,,1.0
Thyrafemme Balance,thyrafemme,Thyrafemme Balance review,"BING_INDEX_PROXY (Yahoo/DDG, Bing-sourced)",2026-08-24,VALIDATED,5,https://yourhealthmagazine.net/article/reviews/thyra-femme-balance-reviews-backed-by-science-or-just-hype-benefits-side-effects-ingredients-where-to-buy/,Thyrafemme Balance Review: My 30-Day Results and Honest ...,yourhealthmagazine.net,yourhealthmagazine.net,SMALL_SITE,,1.0
Thyrafemme Balance,thyrafemme,Thyrafemme Balance review,"BING_INDEX_PROXY (Yahoo/DDG, Bing-sourced)",2026-08-24,VALIDATED,6,https://www.supplementtiger.com/thyrafemme-balance-review/,"Thyra Femme Balance Review: Ingredients, Product Information ...",supplementtiger.com,www.supplementtiger.com,SMALL_SITE,,0.5
Thyrafemme Balance,thyrafemme,Thyrafemme Balance review,"BING_INDEX_PROXY (Yahoo/DDG, Bing-sourced)",2026-08-24,VALIDATED,7,https://www.healthinsiders.com/thyrafemme-balance-review,ThyraFemme Balance Review: I Tried It for 2 Months [Honest],healthinsiders.com,www.healthinsiders.com,SMALL_SITE,,1.0
SeroBurn,seroburn,SeroBurn review,"BING_INDEX_PROXY (Yahoo/DDG, Bing-sourced)",2026-08-24,VALIDATED,1,https://www.supplementmag.com/seroburn-review/,SeroBurn Review 2026: Is It a Scam or the Real Deal?,supplementmag.com,www.supplementmag.com,SMALL_SITE,,1.0
SeroBurn,seroburn,SeroBurn review,"BING_INDEX_PROXY (Yahoo/DDG, Bing-sourced)",2026-08-24,VALIDATED,2,https://www.healthwebmagazine.com/seroburn-review,Seroburn Review 2026: Does It Really Work? - Health Web Magazine,healthwebmagazine.com,www.healthwebmagazine.com,SMALL_SITE,,1.0
SeroBurn,seroburn,SeroBurn review,"BING_INDEX_PROXY (Yahoo/DDG, Bing-sourced)",2026-08-24,VALIDATED,3,https://www.consumerhealthdigest.com/weight-loss-reviews/seroburn.html,Videos,consumerhealthdigest.com,www.consumerhealthdigest.com,SMALL_SITE,,0.0
SeroBurn,seroburn,SeroBurn review,"BING_INDEX_PROXY (Yahoo/DDG, Bing-sourced)",2026-08-24,VALIDATED,4,https://usa-seroburn.com/reviews,SeroBurn Review: Can It Tackle a Common Cause of Weight Gain?,usa-seroburn.com,usa-seroburn.com,EMD_ROOT,EMD_ROOT,1.0
SeroBurn,seroburn,SeroBurn review,"BING_INDEX_PROXY (Yahoo/DDG, Bing-sourced)",2026-08-24,VALIDATED,5,https://www.dailyhealthsupplement.com/seroburn-review/,SeroBurn Reviews [2026] &mdash; Real Customer Experiences,dailyhealthsupplement.com,www.dailyhealthsupplement.com,SMALL_SITE,,1.0
SeroBurn,seroburn,SeroBurn review,"BING_INDEX_PROXY (Yahoo/DDG, Bing-sourced)",2026-08-24,VALIDATED,6,https://oralhealthcomplete.com/seroburn-reviews/,SeroBurn Review 2026 | The Shocking Truth You Won&rsquo;t Believe!,oralhealthcomplete.com,oralhealthcomplete.com,SMALL_SITE,,1.0
SeroBurn,seroburn,SeroBurn review,"BING_INDEX_PROXY (Yahoo/DDG, Bing-sourced)",2026-08-24,VALIDATED,7,https://vitaminreports.com/seroburn-review/,"my Honest SeroBurn Reviews, I Tried Serotonin Weight Control",vitaminreports.com,vitaminreports.com,SMALL_SITE,,1.0
Ring Quiet,superwebj,Ring Quiet review,"BING_INDEX_PROXY (Yahoo/DDG, Bing-sourced)",2026-08-24,VALIDATED,1,https://www.consumerhealthdigest.com/tinnitus-supplements/ring-quiet-plus-review.html,Ring Quiet Plus Review: Can It Improve Auditory Health?,consumerhealthdigest.com,www.consumerhealthdigest.com,SMALL_SITE,,1.0
Ring Quiet,superwebj,Ring Quiet review,"BING_INDEX_PROXY (Yahoo/DDG, Bing-sourced)",2026-08-24,VALIDATED,2,https://www.supplementmag.com/ring-quiet-plus-review/,Ring Quiet Plus Review 2026 | It as Powerful as Claimed?,supplementmag.com,www.supplementmag.com,SMALL_SITE,,1.0
Ring Quiet,superwebj,Ring Quiet review,"BING_INDEX_PROXY (Yahoo/DDG, Bing-sourced)",2026-08-24,VALIDATED,3,https://www.healthwebmagazine.com/ring-quiet-plus-review,Videos,healthwebmagazine.com,www.healthwebmagazine.com,SMALL_SITE,,0.0
Ring Quiet,superwebj,Ring Quiet review,"BING_INDEX_PROXY (Yahoo/DDG, Bing-sourced)",2026-08-24,VALIDATED,4,https://inmybowl.com/ring-quiet-plus-reviews/,Ring Quiet Plus Review: Does it Really Help Tinnitus?,inmybowl.com,inmybowl.com,SMALL_SITE,,1.0
Ring Quiet,superwebj,Ring Quiet review,"BING_INDEX_PROXY (Yahoo/DDG, Bing-sourced)",2026-08-24,VALIDATED,5,https://therealrealreviews.com/ring-quiet-plus-reviews-does-it-work-my-90-day-result/,Ring Quiet Plus Reviews 2026: Is It Legit or Worth Trying?,therealrealreviews.com,therealrealreviews.com,SMALL_SITE,,1.0
Ring Quiet,superwebj,Ring Quiet review,"BING_INDEX_PROXY (Yahoo/DDG, Bing-sourced)",2026-08-24,VALIDATED,6,https://www.totalhealthreports.com/ring-quiet-plus-review/,Ring Quiet Plus Reviews: Does It Work? My 90 Day Result,totalhealthreports.com,www.totalhealthreports.com,SMALL_SITE,,1.0
Ring Quiet,superwebj,Ring Quiet review,"BING_INDEX_PROXY (Yahoo/DDG, Bing-sourced)",2026-08-24,VALIDATED,7,https://www.dailyhealthsupplement.com/ring-quiet-plus-review/,Ring Quiet Plus Review: Is It the Key to Tinnitus Relief?,dailyhealthsupplement.com,www.dailyhealthsupplement.com,SMALL_SITE,,1.0
CogniSurge,zenmavibe,CogniSurge review,"BING_INDEX_PROXY (Yahoo/DDG, Bing-sourced)",2026-08-24,VALIDATED,1,https://www.consumerhealthdigest.com/brain-enhancement-supplements/cognisurge-review.html,CogniSurge Review: Is This Nootropic Worth Trying?,consumerhealthdigest.com,www.consumerhealthdigest.com,SMALL_SITE,,1.0
CogniSurge,zenmavibe,CogniSurge review,"BING_INDEX_PROXY (Yahoo/DDG, Bing-sourced)",2026-08-24,VALIDATED,2,https://thesavvysaver.substack.com/p/cognisurge-review-2025-complete-expert,Videos,substack.com,thesavvysaver.substack.com,UGC/PLATFORM,,0.0
CogniSurge,zenmavibe,CogniSurge review,"BING_INDEX_PROXY (Yahoo/DDG, Bing-sourced)",2026-08-24,VALIDATED,3,https://supplementreviewdaily.com/brain-health/cognisurge-review.html,CogniSurge Review 2025: Complete Expert Analysis,supplementreviewdaily.com,supplementreviewdaily.com,SMALL_SITE,,1.0
CogniSurge,zenmavibe,CogniSurge review,"BING_INDEX_PROXY (Yahoo/DDG, Bing-sourced)",2026-08-24,VALIDATED,4,https://honestsupplementguide.com/brain-health/cognisurge-review.html,CogniSurge Review (2026): Is the Hype Justified? A Full Breakdown,honestsupplementguide.com,honestsupplementguide.com,SMALL_SITE,,1.0
CogniSurge,zenmavibe,CogniSurge review,"BING_INDEX_PROXY (Yahoo/DDG, Bing-sourced)",2026-08-24,VALIDATED,5,https://dietarysupplementsreview.com/cognisurge-review/,CogniSurge Review (2026): Is It Worth Your Money? A Full Analysis,dietarysupplementsreview.com,dietarysupplementsreview.com,SMALL_SITE,,1.0
CogniSurge,zenmavibe,CogniSurge review,"BING_INDEX_PROXY (Yahoo/DDG, Bing-sourced)",2026-08-24,VALIDATED,6,https://consumerhealthline.com/brain-health-supplement/cognisurge-review/,"CogniSurge Review: A Friendly, Professional Look at This ...",consumerhealthline.com,consumerhealthline.com,SMALL_SITE,,1.0
CogniSurge,zenmavibe,CogniSurge review,"BING_INDEX_PROXY (Yahoo/DDG, Bing-sourced)",2026-08-24,VALIDATED,7,https://healthreviewnetwork.com/brain/cognisurge-review/,"Cognisurge Review: Benefits, Ingredients &amp; Real Results Explained",healthreviewnetwork.com,healthreviewnetwork.com,SMALL_SITE,,1.0
CelluFend,KoalaAdvertising,CelluFend review,"BING_INDEX_PROXY (Yahoo/DDG, Bing-sourced)",2026-08-24,VALIDATED,1,https://www.supplementmag.com/cellufend-review/,CelluFend Review 2026: Scam or Secret Blood Sugar Fix?,supplementmag.com,www.supplementmag.com,SMALL_SITE,,1.0
CelluFend,KoalaAdvertising,CelluFend review,"BING_INDEX_PROXY (Yahoo/DDG, Bing-sourced)",2026-08-24,VALIDATED,2,https://www.consumerhealthdigest.com/blood-sugar-supplements-review/cellufend-review.html,Videos,consumerhealthdigest.com,www.consumerhealthdigest.com,SMALL_SITE,,0.0
CelluFend,KoalaAdvertising,CelluFend review,"BING_INDEX_PROXY (Yahoo/DDG, Bing-sourced)",2026-08-24,VALIDATED,3,https://www.dailyhealthsupplement.com/cellufend-review/,CelluFend Review: Does It Regulate Blood Sugar Effectively?,dailyhealthsupplement.com,www.dailyhealthsupplement.com,SMALL_SITE,,1.0
CelluFend,KoalaAdvertising,CelluFend review,"BING_INDEX_PROXY (Yahoo/DDG, Bing-sourced)",2026-08-24,VALIDATED,4,https://www.consumerhealthinsider.com/general-fitness/cellufend-review.html,CelluFend Review 2026 | Miracle or Scam? Truth Exposed,consumerhealthinsider.com,www.consumerhealthinsider.com,SMALL_SITE,,1.0
CelluFend,KoalaAdvertising,CelluFend review,"BING_INDEX_PROXY (Yahoo/DDG, Bing-sourced)",2026-08-24,VALIDATED,5,https://supplementreviewdaily.com/general-fitness/cellufend-review.html,CelluFend&trade; Review 2026: Does It Really Work?,supplementreviewdaily.com,supplementreviewdaily.com,SMALL_SITE,,1.0
CelluFend,KoalaAdvertising,CelluFend review,"BING_INDEX_PROXY (Yahoo/DDG, Bing-sourced)",2026-08-24,VALIDATED,6,https://cellufend-en.us/reviews,CelluFend&trade; Review (2026): Worth Trying? We Reviewed Every Claim,cellufend-en.us,cellufend-en.us,EMD_ROOT,EMD_ROOT,1.0
CelluFend,KoalaAdvertising,CelluFend review,"BING_INDEX_PROXY (Yahoo/DDG, Bing-sourced)",2026-08-24,VALIDATED,7,https://www.affinityreviews.com/products/personal-care/cellufend-review-why-thousands-are-calling-this-a-breakthrough-in-blood-sugar-diabetes-support,Cellufend Reviews [2026] &mdash; Real Customer Experiences,affinityreviews.com,www.affinityreviews.com,SMALL_SITE,,1.0
Fast Brain Booster,pegrom,Fast Brain Booster review,"BING_INDEX_PROXY (Yahoo/DDG, Bing-sourced)",2026-08-24,VALIDATED,1,https://www.supplementmag.com/fast-brain-booster-review/,Fast Brain Booster Review 2026: What Experts &amp; Users Think,supplementmag.com,www.supplementmag.com,SMALL_SITE,,1.0
Fast Brain Booster,pegrom,Fast Brain Booster review,"BING_INDEX_PROXY (Yahoo/DDG, Bing-sourced)",2026-08-24,VALIDATED,2,https://bestsupplements.best/reviews/fast-brain-booster/,"Fast Brain Booster Review (2025): Ingredients, Evidence ...",bestsupplements.best,bestsupplements.best,SMALL_SITE,,1.0
Fast Brain Booster,pegrom,Fast Brain Booster review,"BING_INDEX_PROXY (Yahoo/DDG, Bing-sourced)",2026-08-24,VALIDATED,3,https://www.dailyhealthsupplement.com/fast-brain-booster-review/,Videos,dailyhealthsupplement.com,www.dailyhealthsupplement.com,SMALL_SITE,,0.0
Fast Brain Booster,pegrom,Fast Brain Booster review,"BING_INDEX_PROXY (Yahoo/DDG, Bing-sourced)",2026-08-24,VALIDATED,4,https://www.healthwebmagazine.com/fast-brain-booster-review,Fast Brain Booster Review 2026 : Real Focus or Real Risk,healthwebmagazine.com,www.healthwebmagazine.com,SMALL_SITE,,1.0
Fast Brain Booster,pegrom,Fast Brain Booster review,"BING_INDEX_PROXY (Yahoo/DDG, Bing-sourced)",2026-08-24,VALIDATED,5,https://www.consumerhealthdigest.com/brain-enhancement-supplements/fast-brain-booster-review.html,Fast Brain Booster Review: Is It Worth the Hype?,consumerhealthdigest.com,www.consumerhealthdigest.com,SMALL_SITE,,1.0
Fast Brain Booster,pegrom,Fast Brain Booster review,"BING_INDEX_PROXY (Yahoo/DDG, Bing-sourced)",2026-08-24,VALIDATED,6,https://thecountyreview.com/fast-brain-booster-review/,Fast Brain Booster Review: Will It Improve Concentration?,thecountyreview.com,thecountyreview.com,SMALL_SITE,,1.0
Fast Brain Booster,pegrom,Fast Brain Booster review,"BING_INDEX_PROXY (Yahoo/DDG, Bing-sourced)",2026-08-24,VALIDATED,7,https://www.onereviewusa.com/post/fast-brain-booster-review-8,Fast Brain Booster Review [2026]: Unlock Your Mind&rsquo;s Hidden ...,onereviewusa.com,www.onereviewusa.com,SMALL_SITE,,1.0
Nail Refresh,premvitality,Nail Refresh review,"BING_INDEX_PROXY (Yahoo/DDG, Bing-sourced)",2026-08-24,VALIDATED,1,https://www.supplementmag.com/nail-refresh-reviews/,Nail Refresh Reviews 2026: Scam or Legit? Hidden Truth Alert,supplementmag.com,www.supplementmag.com,SMALL_SITE,,1.0
Nail Refresh,premvitality,Nail Refresh review,"BING_INDEX_PROXY (Yahoo/DDG, Bing-sourced)",2026-08-24,VALIDATED,2,https://inmybowl.com/nail-refresh-reviews/,Videos,inmybowl.com,inmybowl.com,SMALL_SITE,,0.0
Nail Refresh,premvitality,Nail Refresh review,"BING_INDEX_PROXY (Yahoo/DDG, Bing-sourced)",2026-08-24,VALIDATED,3,https://nutrafitlab.wordpress.com/2026/08/20/nailrefresh-review/,Nail Refresh Reviews 2026 | Is It Worth Trying? Expert Analysis,wordpress.com,nutrafitlab.wordpress.com,SMALL_SITE,,1.0
Nail Refresh,premvitality,Nail Refresh review,"BING_INDEX_PROXY (Yahoo/DDG, Bing-sourced)",2026-08-24,VALIDATED,4,https://www.dailyhealthsupplement.com/nail-refresh-reviews/,"Nail Refresh Review: Ingredients, Benefits, How It Works ...",dailyhealthsupplement.com,www.dailyhealthsupplement.com,SMALL_SITE,,1.0
Nail Refresh,premvitality,Nail Refresh review,"BING_INDEX_PROXY (Yahoo/DDG, Bing-sourced)",2026-08-24,VALIDATED,5,https://www.consumerhealthdigest.com/nail-care-reviews/nail-refresh.html,Nail Refresh Reviews 2026: Scam or Legit?,consumerhealthdigest.com,www.consumerhealthdigest.com,SMALL_SITE,,1.0
Nail Refresh,premvitality,Nail Refresh review,"BING_INDEX_PROXY (Yahoo/DDG, Bing-sourced)",2026-08-24,VALIDATED,6,https://nail-refresh.co/nail-refresh-reviews,Nail Refresh Review: Does It Stop Nail Infections?,nail-refresh.co,nail-refresh.co,EMD_ROOT,EMD_ROOT,1.0
Nail Refresh,premvitality,Nail Refresh review,"BING_INDEX_PROXY (Yahoo/DDG, Bing-sourced)",2026-08-24,VALIDATED,7,https://nailrefresh.blog/,"Nail Refresh Reviews | 2,341+ Verified Customer Reviews",nailrefresh.blog,nailrefresh.blog,EMD_ROOT,EMD_ROOT,1.0
AppaNail,appanail,AppaNail review,"BING_INDEX_PROXY (Yahoo/DDG, Bing-sourced)",2026-08-24,VALIDATED,1,https://www.supplementmag.com/appanail-review/,AppaNail Review 2026: Is It the Real Deal or a Total Scam?,supplementmag.com,www.supplementmag.com,SMALL_SITE,,1.0
AppaNail,appanail,AppaNail review,"BING_INDEX_PROXY (Yahoo/DDG, Bing-sourced)",2026-08-24,VALIDATED,2,https://www.dailyhealthsupplement.com/appanail-review/,AppaNail Review 2026 | Powerful Nail Growth Results Exposed,dailyhealthsupplement.com,www.dailyhealthsupplement.com,SMALL_SITE,,1.0
AppaNail,appanail,AppaNail review,"BING_INDEX_PROXY (Yahoo/DDG, Bing-sourced)",2026-08-24,VALIDATED,3,https://appanail.mediprimes.com/,AppaNail &ndash; Advanced Nail &amp; Foot Health Formula | Official Site,mediprimes.com,appanail.mediprimes.com,EMD_SUBDOMAIN,EMD_SUBDOMAIN,1.0
AppaNail,appanail,AppaNail review,"BING_INDEX_PROXY (Yahoo/DDG, Bing-sourced)",2026-08-24,VALIDATED,4,https://appanail.supps.best/,Videos,supps.best,appanail.supps.best,EMD_SUBDOMAIN,EMD_SUBDOMAIN,0.0
AppaNail,appanail,AppaNail review,"BING_INDEX_PROXY (Yahoo/DDG, Bing-sourced)",2026-08-24,VALIDATED,5,https://honesthealthriviews.com/appanail-review-nail-health-supplement/,"Appanail Review (2026): Ingredients, Side Effects &amp; Warning",honesthealthriviews.com,honesthealthriviews.com,SMALL_SITE,,1.0
AppaNail,appanail,AppaNail review,"BING_INDEX_PROXY (Yahoo/DDG, Bing-sourced)",2026-08-24,VALIDATED,6,https://thecountyreview.com/appanail-reviews-2026/,AppaNail Review (2026): Does It Really Work?,thecountyreview.com,thecountyreview.com,SMALL_SITE,,1.0
AppaNail,appanail,AppaNail review,"BING_INDEX_PROXY (Yahoo/DDG, Bing-sourced)",2026-08-24,VALIDATED,7,https://supplementguide.net/appanail-review/,"AppaNail Reviews 2026: The Honest, Real Solution That Finally ...",supplementguide.net,supplementguide.net,SMALL_SITE,,1.0
VigoSurge,vigosurge,VigoSurge review,"BING_INDEX_PROXY (Yahoo/DDG, Bing-sourced)",2026-08-24,VALIDATED,1,https://honestsupplementguide.com/men-health/vigosurge-review.html,Vigosurge Review (2026): Should You Try It? Our Complete Review,honestsupplementguide.com,honestsupplementguide.com,SMALL_SITE,,1.0
VigoSurge,vigosurge,VigoSurge review,"BING_INDEX_PROXY (Yahoo/DDG, Bing-sourced)",2026-08-24,VALIDATED,2,https://mediclime.com/supplement-comparisons/sexual-health,Videos,mediclime.com,mediclime.com,SMALL_SITE,,0.0
VigoSurge,vigosurge,VigoSurge review,"BING_INDEX_PROXY (Yahoo/DDG, Bing-sourced)",2026-08-24,VALIDATED,3,https://www.accessnewswire.com/newsroom/en/consumer-and-retail-products/vigosurge-reviews-14-in-1-herbal-supplement-backed-by-science-for-mens-1099602,Sexual Wellness Supplement Comparison - Supplements,accessnewswire.com,www.accessnewswire.com,SMALL_SITE,,0.0
VigoSurge,vigosurge,VigoSurge review,"BING_INDEX_PROXY (Yahoo/DDG, Bing-sourced)",2026-08-24,VALIDATED,4,https://www.trustpilot.com/review/vigourgagem.com,VigoSurge Reviews: 14-in-1 Herbal Supplement Backed by ...,trustpilot.com,www.trustpilot.com,REVIEW_AGGREGATOR,,1.0
VigoSurge,vigosurge,VigoSurge review,"BING_INDEX_PROXY (Yahoo/DDG, Bing-sourced)",2026-08-24,VALIDATED,5,https://review2u.com/vigosurgereview/,vigourgagem.com Reviews | Read Customer Service Reviews of ...,review2u.com,review2u.com,SMALL_SITE,,0.0
VigoSurge,vigosurge,VigoSurge review,"BING_INDEX_PROXY (Yahoo/DDG, Bing-sourced)",2026-08-24,VALIDATED,6,https://fullphysicalexam.com/vigosurge-supplement-reviews/,vigosurgereview &ndash; review2u.com,fullphysicalexam.com,fullphysicalexam.com,SMALL_SITE,,1.0
VigoSurge,vigosurge,VigoSurge review,"BING_INDEX_PROXY (Yahoo/DDG, Bing-sourced)",2026-08-24,VALIDATED,7,https://thehealthmags.com/vigosurge-reviews/,VigoSurge Supplement Reviews: Honest Customer Experiences ...,thehealthmags.com,thehealthmags.com,SMALL_SITE,,1.0
Ultimate OFF-GRID Generator,infiniteensys,Ultimate OFF-GRID Generator review,"BING_INDEX_PROXY (Yahoo/DDG, Bing-sourced)",2026-08-24,VALIDATED,1,https://energyprepared.com/ultimate-off-grid-generator-review,"Ultimate Off-Grid Generator Review (2026): Pros, Cons ...",energyprepared.com,energyprepared.com,SMALL_SITE,,1.0
Ultimate OFF-GRID Generator,infiniteensys,Ultimate OFF-GRID Generator review,"BING_INDEX_PROXY (Yahoo/DDG, Bing-sourced)",2026-08-24,VALIDATED,2,https://hereviews.com/ultimate-off-grid-generator-reviews-your-complete-2025-buying-guide/,Videos,hereviews.com,hereviews.com,SMALL_SITE,,0.0
Ultimate OFF-GRID Generator,infiniteensys,Ultimate OFF-GRID Generator review,"BING_INDEX_PROXY (Yahoo/DDG, Bing-sourced)",2026-08-24,VALIDATED,3,https://101generator.com/ultimate-off-grid-generator-reviews/,Ultimate OFF-GRID Generator Reviews: Your Complete 2026 ...,101generator.com,101generator.com,SMALL_SITE,,1.0
Ultimate OFF-GRID Generator,infiniteensys,Ultimate OFF-GRID Generator review,"BING_INDEX_PROXY (Yahoo/DDG, Bing-sourced)",2026-08-24,VALIDATED,4,https://therealrealreviews.com/the-ultimate-off-grid-generator-review-scam-does-it-work/,Ultimate Off Grid Generator Reviews &ndash; 101 Generator,therealrealreviews.com,therealrealreviews.com,SMALL_SITE,,1.0
Ultimate OFF-GRID Generator,infiniteensys,Ultimate OFF-GRID Generator review,"BING_INDEX_PROXY (Yahoo/DDG, Bing-sourced)",2026-08-24,VALIDATED,5,https://therealrealreviews.com/ultimate-off-grid-generator-review-by-michael-morgan/,The Ultimate Off-Grid Generator Review: Scam? Does it work?,therealrealreviews.com,therealrealreviews.com,SMALL_SITE,,1.0
Ultimate OFF-GRID Generator,infiniteensys,Ultimate OFF-GRID Generator review,"BING_INDEX_PROXY (Yahoo/DDG, Bing-sourced)",2026-08-24,VALIDATED,6,https://behealthynh.com/ultimate-off-grid-generator-reviews/,Ultimate Off Grid Generator Review: By Michael Morgan,behealthynh.com,behealthynh.com,SMALL_SITE,,1.0
Ultimate OFF-GRID Generator,infiniteensys,Ultimate OFF-GRID Generator review,"BING_INDEX_PROXY (Yahoo/DDG, Bing-sourced)",2026-08-24,VALIDATED,7,https://alternative-science.org/ultimate-off-grid-generator-review/,Ultimate Off Grid Generator Reviews 2026: try Blueprints Pdf,alternative-science.org,alternative-science.org,SMALL_SITE,,1.0
Blood Pressure 911,Phytage,Blood Pressure 911 review,"BING_INDEX_PROXY (Yahoo/DDG, Bing-sourced)",2026-08-24,VALIDATED,1,https://www.consumerhealthdigest.com/blood-pressure-supplements/blood-pressure-911-review.html,Blood Pressure 911 Review: Blood Pressure Support That Works,consumerhealthdigest.com,www.consumerhealthdigest.com,SMALL_SITE,,1.0
Blood Pressure 911,Phytage,Blood Pressure 911 review,"BING_INDEX_PROXY (Yahoo/DDG, Bing-sourced)",2026-08-24,VALIDATED,2,https://www.supplementmag.com/blood-pressure-911-review/,BLOOD PRESSURE 911 Review 2026: What Experts &amp; Users Think,supplementmag.com,www.supplementmag.com,SMALL_SITE,,1.0
Blood Pressure 911,Phytage,Blood Pressure 911 review,"BING_INDEX_PROXY (Yahoo/DDG, Bing-sourced)",2026-08-24,VALIDATED,3,https://modernmedicinela.com/blood-pressure-911-review/,Videos,modernmedicinela.com,modernmedicinela.com,SMALL_SITE,,0.0
Blood Pressure 911,Phytage,Blood Pressure 911 review,"BING_INDEX_PROXY (Yahoo/DDG, Bing-sourced)",2026-08-24,VALIDATED,4,https://www.healthwebmagazine.com/blood-pressure-911-review,Blood Pressure 911 Reviews - Is It Really Effective?,healthwebmagazine.com,www.healthwebmagazine.com,SMALL_SITE,,1.0
Blood Pressure 911,Phytage,Blood Pressure 911 review,"BING_INDEX_PROXY (Yahoo/DDG, Bing-sourced)",2026-08-24,VALIDATED,5,https://www.dailyhealthsupplement.com/blood-pressure-911-review/,Blood Pressure 911 Review - Is It Worth The Money?,dailyhealthsupplement.com,www.dailyhealthsupplement.com,SMALL_SITE,,1.0
Blood Pressure 911,Phytage,Blood Pressure 911 review,"BING_INDEX_PROXY (Yahoo/DDG, Bing-sourced)",2026-08-24,VALIDATED,6,https://www.wellnessdigest.com/blood-pressure/blood-pressure-911-review,"Blood Pressure 911 Review {Scam}: Side Effects, Does It Work?",wellnessdigest.com,www.wellnessdigest.com,SMALL_SITE,,1.0
Blood Pressure 911,Phytage,Blood Pressure 911 review,"BING_INDEX_PROXY (Yahoo/DDG, Bing-sourced)",2026-08-24,VALIDATED,7,https://www.healthinsiders.com/blood-pressure-911-review,Blood Pressure 911 Review &ndash; Natural Solution for Hypertension,healthinsiders.com,www.healthinsiders.com,SMALL_SITE,,1.0
